{"cameraMode":{"drawMode":0,"name":"Shaded","section":"Shading Mode"},"sceneLighting":true,"audioPlay":false,"sceneViewState":{"m_AlwaysRefresh":false,"showFog":true,"showSkybox":true,"showFlares":true,"showImageEffects":true,"showParticleSystems":true,"showVisualEffectGraphs":true,"m_FxEnabled":true},"in2DMode":false,"pivot":{"x":0.34325042366981509,"y":1.4821969270706177,"z":2.7967286109924318},"rotation":{"x":0.022493308410048486,"y":-0.022197337821125985,"z":0.0004711329529527575,"w":0.9995108842849731},"size":12.843653678894043,"orthographic":true}