{"cameraMode":{"drawMode":0,"name":"Shaded","section":"Shading Mode"},"sceneLighting":true,"audioPlay":false,"sceneViewState":{"m_AlwaysRefresh":false,"showFog":true,"showSkybox":true,"showFlares":true,"showImageEffects":true,"showParticleSystems":true,"showVisualEffectGraphs":true,"m_FxEnabled":true},"in2DMode":false,"pivot":{"x":-47.0847282409668,"y":-8.903356552124024,"z":626.2054443359375},"rotation":{"x":0.01680060476064682,"y":-0.034492988139390948,"z":0.0005458999658003449,"w":0.9992830753326416},"size":306.8482666015625,"orthographic":false}